"model","accuracy","sensitivity","specificity"
"Neural Network",0.769708504457578,0.80254458024444,0.736879006410256
